url,lin,link,urll,con,cont,linkk,urlll,conte,conten
https://cdnimg.ocj.com.cn/image_site/shop/conts/8021/6741/11361/13318/1_20181015091953_44.jpg,"javascript:sensorsOpen('WB1711C001D002026C005001','WB1711C001','','','','http://www.ocj.com.cn/event/G/13380?domain_id=8021_6741_11361_1_13318_WASTE');",http://www.ocj.com.cn/detail/15245359?domain_id=8021_6741_11362_1_13319_WASTE,https://cdnimg.ocj.com.cn/image_site/shop/conts/8021/6741/11362/13319/1_20181015092110_28.jpg,馨之屋水精灵,强劲去污 加赠电炖锅,http://www.ocj.com.cn/detail/15249326?domain_id=8021_6741_11363_1_13320_WASTE,https://cdnimg.ocj.com.cn/image_site/shop/conts/8021/6741/11363/13320/1_20181015092212_97.jpg,临安团圆人小核桃仁,香脆可口 咸甜适中
https://cdnimg.ocj.com.cn/image_site/shop/conts/8021/6741/11361/13318/1_20181013220634_7.jpg,"javascript:sensorsOpen('WB1711C001D002026C005001','WB1711C001','','','','http://www.ocj.com.cn/event/G/13368?domain_id=8021_6741_11361_1_13318_WASTE');",http://www.ocj.com.cn/detail/15245862?domain_id=8021_6741_11362_1_13319_WASTE,https://cdnimg.ocj.com.cn/image_site/shop/conts/8021/6741/11362/13319/1_20181013220725_13.jpg,戴森手持吸尘器,强劲吸力 轻松清洁,http://www.ocj.com.cn/detail/15257485?domain_id=8021_6741_11363_1_13320_WASTE,https://cdnimg.ocj.com.cn/image_site/shop/conts/8021/6741/11363/13320/1_20181013220953_49.jpg,戴森美发造型器 16日预售,全新护理黑科技 敬请期待
https://cdnimg.ocj.com.cn/image_site/shop/conts/8021/6741/11361/13318/1_20181009104743_67.jpg,"javascript:sensorsOpen('WB1711C001D002026C005001','WB1711C001','','','','http://www.ocj.com.cn/event/G/11359?domain_id=8021_6741_11361_1_13318_WASTE');",http://www.ocj.com.cn/detail/15228931?domain_id=8021_6741_11362_1_13319_WASTE,https://cdnimg.ocj.com.cn/image_site/shop/conts/8021/6741/11362/13319/1_20181009104851_68.jpg,次玛陀冬虫夏草,严选那曲虫草 用心看得见,http://www.ocj.com.cn/detail/15255510?domain_id=8021_6741_11363_1_13320_WASTE,https://cdnimg.ocj.com.cn/image_site/shop/conts/8021/6741/11363/13320/1_20181009104959_14.jpg,新雅糕点组合,重阳糕赤豆糕 回味经典
https://cdnimg.ocj.com.cn/image_site/shop/conts/8021/6741/11361/13318/1_20181015092320_83.jpg,"javascript:sensorsOpen('WB1711C001D002026C005001','WB1711C001','','','','http://www.ocj.com.cn/event/G/11362?domain_id=8021_6741_11361_1_13318_WASTE');",http://www.ocj.com.cn/detail/15234154?domain_id=8021_6741_11362_1_13319_WASTE,https://cdnimg.ocj.com.cn/image_site/shop/conts/8021/6741/11362/13319/1_20181015092555_28.jpg,次玛陀冬虫夏草,源自西藏那曲 礼盒装,http://www.ocj.com.cn/detail/15243826?domain_id=8021_6741_11363_1_13320_WASTE,https://cdnimg.ocj.com.cn/image_site/shop/conts/8021/6741/11363/13320/1_20181015092825_11.jpg,神象冬虫夏草,虫体饱满 加赠西洋参
https://cdnimg.ocj.com.cn/image_site/shop/conts/8021/6741/11361/13318/1_20181012091618_96.jpg,"javascript:sensorsOpen('WB1711C001D002026C005001','WB1711C001','','','','http://www.ocj.com.cn/event/G/9520?domain_id=8021_6741_11361_1_13318_WASTE');",http://www.ocj.com.cn/detail/15099514?domain_id=8021_6741_11362_1_13319_WASTE,https://cdnimg.ocj.com.cn/image_site/shop/conts/8021/6741/11362/13319/1_20181012091727_78.jpg,古越龙山花雕酒,5年陈 12瓶组,http://www.ocj.com.cn/detail/15245109?domain_id=8021_6741_11363_1_13320_WASTE,https://cdnimg.ocj.com.cn/image_site/shop/conts/8021/6741/11363/13320/1_20181012091925_48.jpg,掌昕鲜大闸蟹礼券,阳澄湖直供 以蟹致谢
https://cdnimg.ocj.com.cn/image_site/shop/conts/8021/6741/11361/13318/1_20181012092007_1.jpg,"javascript:sensorsOpen('WB1711C001D002026C005001','WB1711C001','','','','http://www.ocj.com.cn/event/G/9521?domain_id=8021_6741_11361_1_13318_WASTE');",http://www.ocj.com.cn/detail/15256010?domain_id=8021_6741_11362_1_13319_WASTE,https://cdnimg.ocj.com.cn/image_site/shop/conts/8021/6741/11362/13319/1_20181012092647_36.jpg,光明米业早软米组,18秋季新米 赠油5+1.6升,http://www.ocj.com.cn/detail/15157937?domain_id=8021_6741_11363_1_13320_WASTE,https://cdnimg.ocj.com.cn/image_site/shop/conts/8021/6741/11363/13320/1_20181012093022_19.jpg,融氏葡萄籽油,西班牙原装进口 健康营养
https://cdnimg.ocj.com.cn/image_site/shop/conts/8021/6741/11361/13318/1_20181011163914_51.jpg,"javascript:sensorsOpen('WB1711C001D002026C005001','WB1711C001','','','','http://www.ocj.com.cn/event/G/13208?domain_id=8021_6741_11361_1_13318_WASTE');",http://www.ocj.com.cn/detail/15222975?domain_id=8021_6741_11362_1_13319_WASTE,https://cdnimg.ocj.com.cn/image_site/shop/conts/8021/6741/11362/13319/1_20181011164139_49.jpg,敏杨贴花养味煲,一锅多用 6L大容量,http://www.ocj.com.cn/detail/15224706?domain_id=8021_6741_11363_1_13320_WASTE,https://cdnimg.ocj.com.cn/image_site/shop/conts/8021/6741/11363/13320/1_20181011164312_90.jpg,小熊燕窝炖盅,陶瓷隔水炖 紧锁食材营养
https://cdnimg.ocj.com.cn/image_site/shop/conts/8021/6741/11361/13318/1_20181009104008_74.jpg,"javascript:sensorsOpen('WB1711C001D002026C005001','WB1711C001','','','','http://www.ocj.com.cn/event/G/9611?domain_id=8021_6741_11361_1_13318_WASTE');",http://www.ocj.com.cn/detail/15253665?domain_id=8021_6741_11362_1_13319_WASTE,https://cdnimg.ocj.com.cn/image_site/shop/conts/8021/6741/11362/13319/1_20181009110216_8.jpg,戴森吹风机,创新设计 快速干发,http://www.ocj.com.cn/detail/15242989?domain_id=8021_6741_11363_1_13320_WASTE,https://cdnimg.ocj.com.cn/image_site/shop/conts/8021/6741/11363/13320/1_20181009104454_67.jpg,夏普电视 80英寸+50英寸,4K智能电视 宽宏视界
https://cdnimg.ocj.com.cn/image_site/shop/conts/8021/6741/11361/13318/1_20181015092903_43.jpg,"javascript:sensorsOpen('WB1711C001D002026C005001','WB1711C001','','','','http://www.ocj.com.cn/event/G/13236?domain_id=8021_6741_11361_1_13318_WASTE');",http://www.ocj.com.cn/detail/15156490?domain_id=8021_6741_11362_1_13319_WASTE,https://cdnimg.ocj.com.cn/image_site/shop/conts/8021/6741/11362/13319/1_20181015093147_15.jpg,利茸婚庆用碗筷套装,剪纸鸳鸯纹 秀幸福时刻,http://www.ocj.com.cn/detail/15209626?domain_id=8021_6741_11363_1_13320_WASTE,https://cdnimg.ocj.com.cn/image_site/shop/conts/8021/6741/11363/13320/1_20181015093321_71.jpg,欧洛雷不粘铁锅,无涂层 健康烹饪
https://cdnimg.ocj.com.cn/image_site/shop/conts/8021/6741/11361/13318/1_20181015093540_75.jpg,"javascript:sensorsOpen('WB1711C001D002026C005001','WB1711C001','','','','http://www.ocj.com.cn/event/G/13209?domain_id=8021_6741_11361_1_13318_WASTE');",http://www.ocj.com.cn/detail/15171588?domain_id=8021_6741_11362_1_13319_WASTE,https://cdnimg.ocj.com.cn/image_site/shop/conts/8021/6741/11362/13319/1_20181015093634_92.jpg,大金直流变频挂壁空调,舒适相随 享受无需等待,http://www.ocj.com.cn/detail/15223426?domain_id=8021_6741_11363_1_13320_WASTE,https://cdnimg.ocj.com.cn/image_site/shop/conts/8021/6741/11363/13320/1_20181015093756_36.jpg,西门子滚筒洗衣机,8公斤大容量 全屏触控
https://cdnimg.ocj.com.cn/image_site/shop/conts/8021/6741/11361/13318/1_20181010101521_75.jpg,"javascript:sensorsOpen('WB1711C001D002026C005001','WB1711C001','','','','http://www.ocj.com.cn/event/G/13215?domain_id=8021_6741_11361_1_13318_WASTE');",http://www.ocj.com.cn/detail/15235348?domain_id=8021_6741_11362_1_13319_WASTE,https://cdnimg.ocj.com.cn/image_site/shop/conts/8021/6741/11362/13319/1_20181010101657_60.jpg,飞利浦智能液晶电视,55英寸超清4K 感受曼妙流光,http://www.ocj.com.cn/detail/15227569?domain_id=8021_6741_11363_1_13320_WASTE,https://cdnimg.ocj.com.cn/image_site/shop/conts/8021/6741/11363/13320/1_20181010101842_30.jpg,小天鹅净立方洗衣机,7.2公斤 立体洗护新净界
https://cdnimg.ocj.com.cn/image_site/shop/conts/8021/6741/11361/13318/1_20181011163620_38.jpg,"javascript:sensorsOpen('WB1711C001D002026C005001','WB1711C001','','','','http://www.ocj.com.cn/event/G/9032?domain_id=8021_6741_11361_1_13318_WASTE');",http://www.ocj.com.cn/detail/15172100?domain_id=8021_6741_11362_1_13319_WASTE,https://cdnimg.ocj.com.cn/image_site/shop/conts/8021/6741/11362/13319/1_20181011163706_2.jpg,乐玛仕小白鞋,柔软舒适 平稳透气,http://www.ocj.com.cn/detail/15213163?domain_id=8021_6741_11363_1_13320_WASTE,https://cdnimg.ocj.com.cn/image_site/shop/conts/8021/6741/11363/13320/1_20181011163835_43.jpg,简帛休闲女鞋,优选羊毛 细腻赤足体验
https://cdnimg.ocj.com.cn/image_site/shop/conts/8021/6741/11361/13318/1_20181010103409_65.jpg,"javascript:sensorsOpen('WB1711C001D002026C005001','WB1711C001','','','','http://www.ocj.com.cn/event/G/9518?domain_id=8021_6741_11361_1_13318_WASTE');",http://www.ocj.com.cn/detail/15157047?domain_id=8021_6741_11362_1_13319_WASTE,https://cdnimg.ocj.com.cn/image_site/shop/conts/8021/6741/11362/13319/1_20181010103611_97.jpg,香娜露儿 绵羊油,摆脱干燥 升级加量组,http://www.ocj.com.cn/detail/15227219?domain_id=8021_6741_11363_1_13320_WASTE,https://cdnimg.ocj.com.cn/image_site/shop/conts/8021/6741/11363/13320/1_20181010103752_4.jpg,森田药妆 玻尿酸面膜,补湿锁水 蕴含足量精华
https://cdnimg.ocj.com.cn/image_site/shop/conts/8021/6741/11361/13318/1_20180930143200_51.jpg,"javascript:sensorsOpen('WB1711C001D002026C005001','WB1711C001','','','','http://www.ocj.com.cn/event/G/8720?domain_id=8021_6741_11361_1_13318_WASTE');",http://www.ocj.com.cn/detail/15195718?domain_id=8021_6741_11362_1_13319_WASTE,https://cdnimg.ocj.com.cn/image_site/shop/conts/8021/6741/11362/13319/1_20180930143642_37.jpg,神象鲜野山参,新鲜直达 营养不流失,http://www.ocj.com.cn/detail/15250972?domain_id=8021_6741_11363_1_13320_WASTE,https://cdnimg.ocj.com.cn/image_site/shop/conts/8021/6741/11363/13320/1_20180930143744_12.jpg,纽仕兰鲜奶粉,美味鲜吃法 100%原装进口
https://cdnimg.ocj.com.cn/image_site/shop/conts/8021/6741/11361/13318/1_20181010171343_73.jpg,"javascript:sensorsOpen('WB1711C001D002026C005001','WB1711C001','','','','http://www.ocj.com.cn/event/G/13225?domain_id=8021_6741_11361_1_13318_WASTE');",http://www.ocj.com.cn/detail/15229938?domain_id=8021_6741_11362_1_13319_WASTE,https://cdnimg.ocj.com.cn/image_site/shop/conts/8021/6741/11362/13319/1_20181010171447_20.jpg,戴森手持吸尘器V6,强劲吸力 轻松清洁,http://www.ocj.com.cn/detail/15253013?domain_id=8021_6741_11363_1_13320_WASTE,https://cdnimg.ocj.com.cn/image_site/shop/conts/8021/6741/11363/13320/1_20181010171706_7.jpg,富培美地板精油组,洁净滋润地板 一步到位
https://cdnimg.ocj.com.cn/image_site/shop/conts/8021/6741/11361/13318/1_20181010102005_43.jpg,"javascript:sensorsOpen('WB1711C001D002026C005001','WB1711C001','','','','http://www.ocj.com.cn/event/G/11748?domain_id=8021_6741_11361_1_13318_WASTE');",http://www.ocj.com.cn/detail/15237335?domain_id=8021_6741_11362_1_13319_WASTE,https://cdnimg.ocj.com.cn/image_site/shop/conts/8021/6741/11362/13319/1_20181010102138_26.jpg,斯嘉贝格实木餐桌组,一桌六椅 现代中式设计,http://www.ocj.com.cn/detail/15146150?domain_id=8021_6741_11363_1_13320_WASTE,https://cdnimg.ocj.com.cn/image_site/shop/conts/8021/6741/11363/13320/1_20181010102258_87.jpg,柏世堂三人沙发床,头层牛皮 柔软舒适
https://cdnimg.ocj.com.cn/image_site/shop/conts/8021/6741/11361/13318/1_20181009110431_86.jpg,"javascript:sensorsOpen('WB1711C001D002026C005001','WB1711C001','','','','http://www.ocj.com.cn/event/G/11746?domain_id=8021_6741_11361_1_13318_WASTE');",http://www.ocj.com.cn/detail/15188110?domain_id=8021_6741_11362_1_13319_WASTE,https://cdnimg.ocj.com.cn/image_site/shop/conts/8021/6741/11362/13319/1_20181009110616_67.jpg,能率恒温热水器,恒温恒流 畅享沐浴之趣,http://www.ocj.com.cn/detail/15123169?domain_id=8021_6741_11363_1_13320_WASTE,https://cdnimg.ocj.com.cn/image_site/shop/conts/8021/6741/11363/13320/1_20181009110729_54.jpg,卫欲无限电动晾衣架,智能家居力作 模拟自然风干
https://cdnimg.ocj.com.cn/image_site/shop/conts/8021/6741/11361/13318/1_20181010181713_44.jpg,"javascript:sensorsOpen('WB1711C001D002026C005001','WB1711C001','','','','http://www.ocj.com.cn/event/G/11756?domain_id=8021_6741_11361_1_13318_WASTE');",http://www.ocj.com.cn/detail/15123169?domain_id=8021_6741_11362_1_13319_WASTE,https://cdnimg.ocj.com.cn/image_site/shop/conts/8021/6741/11362/13319/1_20181010181822_90.jpg,卫欲无限电动晾衣架,智能家居 模拟自然风干,http://www.ocj.com.cn/detail/15165812?domain_id=8021_6741_11363_1_13320_WASTE,https://cdnimg.ocj.com.cn/image_site/shop/conts/8021/6741/11363/13320/1_20181010181919_12.jpg,卫欲无限 淋浴房定制,宽边设计 豪华气派
https://cdnimg.ocj.com.cn/image_site/shop/conts/8021/6741/11361/13318/1_20181015094040_34.jpg,"javascript:sensorsOpen('WB1711C001D002026C005001','WB1711C001','','','','http://www.ocj.com.cn/event/G/13273?domain_id=8021_6741_11361_1_13318_WASTE');",http://www.ocj.com.cn/detail/15210750?domain_id=8021_6741_11362_1_13319_WASTE,https://cdnimg.ocj.com.cn/image_site/shop/conts/8021/6741/11362/13319/1_20181015094150_17.jpg,奈士迪羽绒被,95%白鹅朵朵绒 送法格锅,http://www.ocj.com.cn/detail/15244943?domain_id=8021_6741_11363_1_13320_WASTE,https://cdnimg.ocj.com.cn/image_site/shop/conts/8021/6741/11363/13320/1_20181015094333_9.jpg,奈士迪子母被,四季可用 温暖宁静睡眠感受
https://cdnimg.ocj.com.cn/image_site/shop/conts/8021/6741/11361/13318/1_20180930145025_77.jpg,"javascript:sensorsOpen('WB1711C001D002026C005001','WB1711C001','','','','http://www.ocj.com.cn/event/G/9452?domain_id=8021_6741_11361_1_13318_WASTE');",http://www.ocj.com.cn/detail/15247184?domain_id=8021_6741_11362_1_13319_WASTE,https://cdnimg.ocj.com.cn/image_site/shop/conts/8021/6741/11362/13319/1_20180930145135_70.jpg,金加瀛二合一蚕丝被,精选面料 舒适睡眠,http://www.ocj.com.cn/detail/15189976?domain_id=8021_6741_11363_1_13320_WASTE,https://cdnimg.ocj.com.cn/image_site/shop/conts/8021/6741/11363/13320/1_20180930145343_74.jpg,山水丝绸子母被,桑蚕长丝 尊贵时尚
